{
    "root_group": {
        "id": "d41d8cd98f00b204e9800998ecf8427e",
        "groups": {},
        "checks": {
                "served (200 or 503)": {
                    "id": "9aceccd6537654d9306deb0c02dbb05a",
                    "passes": 67180,
                    "fails": 0,
                    "name": "served (200 or 503)",
                    "path": "::served (200 or 503)"
                }
            },
        "name": "",
        "path": ""
    },
    "metrics": {
        "http_req_receiving": {
            "p(90)": 0.091749,
            "p(95)": 0.10328739999999997,
            "avg": 0.06361179511759373,
            "min": 0.011958,
            "med": 0.061263,
            "max": 2.573748
        },
        "http_req_failed": {
            "passes": 67180,
            "fails": 0,
            "value": 1
        },
        "iterations": {
            "count": 67180,
            "rate": 447.8531164078482
        },
        "data_sent": {
            "count": 5374400,
            "rate": 35828.24931262786
        },
        "iteration_duration": {
            "p(90)": 1.3347749999999998,
            "p(95)": 1.7735984999999994,
            "avg": 39.24858960845484,
            "min": 0.394314,
            "med": 1.064234,
            "max": 3199.70029
        },
        "http_req_sending": {
            "max": 2.830334,
            "p(90)": 0.033470099999999996,
            "p(95)": 0.05120705,
            "avg": 0.02419923404287007,
            "min": 0.004387,
            "med": 0.021793
        },
        "http_req_duration": {
            "med": 0.9274519999999999,
            "max": 3199.572648,
            "p(90)": 1.1639049000000001,
            "p(95)": 1.3857370499999992,
            "avg": 39.10459352174729,
            "min": 0.342426
        },
        "vus_max": {
            "value": 1289,
            "min": 1000,
            "max": 1289
        },
        "vus": {
            "value": 1,
            "min": 0,
            "max": 1122
        },
        "dropped_iterations": {
            "count": 312,
            "rate": 2.079937069354698
        },
        "http_reqs": {
            "count": 67180,
            "rate": 447.8531164078482
        },
        "satrank_bench_health_ok": {
            "fails": 0,
            "passes": 67180,
            "thresholds": {
                "rate>0.99": false
            },
            "value": 1
        },
        "http_req_tls_handshaking": {
            "p(90)": 0,
            "p(95)": 0,
            "avg": 0,
            "min": 0,
            "med": 0,
            "max": 0
        },
        "data_received": {
            "count": 105741320,
            "rate": 704920.805225953
        },
        "http_req_blocked": {
            "avg": 0.013647536796666469,
            "min": 0.001652,
            "med": 0.004938,
            "max": 6.913337,
            "p(90)": 0.00696,
            "p(95)": 0.009564
        },
        "checks": {
            "passes": 67180,
            "fails": 0,
            "value": 1
        },
        "http_req_connecting": {
            "avg": 0.00593697865436141,
            "min": 0,
            "med": 0,
            "max": 6.783452,
            "p(90)": 0,
            "p(95)": 0
        },
        "http_req_waiting": {
            "p(95)": 1.2440814999999994,
            "avg": 39.01678249258716,
            "min": 0.286541,
            "med": 0.838795,
            "max": 3199.500329,
            "p(90)": 1.0589611
        },
        "satrank_bench_health_latency_ms": {
            "p(90)": 1.1639049000000001,
            "p(95)": 1.3857370499999992,
            "avg": 39.10459352174729,
            "min": 0.342426,
            "med": 0.9274519999999999,
            "max": 3199.572648,
            "thresholds": {
                "p(95)<200": false
            }
        }
    }
}