{
    "root_group": {
        "id": "d41d8cd98f00b204e9800998ecf8427e",
        "groups": {},
        "checks": {
                "served (200 or 503)": {
                    "id": "9aceccd6537654d9306deb0c02dbb05a",
                    "passes": 13499,
                    "fails": 0,
                    "name": "served (200 or 503)",
                    "path": "::served (200 or 503)"
                }
            },
        "name": "",
        "path": ""
    },
    "metrics": {
        "data_sent": {
            "count": 1079920,
            "rate": 7199.408832951583
        },
        "http_reqs": {
            "rate": 89.99261041189479,
            "count": 13499
        },
        "data_received": {
            "count": 21247426,
            "rate": 141648.36878832238
        },
        "vus": {
            "value": 1,
            "min": 0,
            "max": 35
        },
        "satrank_bench_health_latency_ms": {
            "max": 483.164567,
            "p(90)": 1.4410112000000002,
            "p(95)": 1.5716850999999983,
            "avg": 2.0773636604933707,
            "min": 0.450879,
            "med": 1.157775,
            "thresholds": {
                "p(95)<200": false
            }
        },
        "http_req_failed": {
            "passes": 13499,
            "fails": 0,
            "value": 1
        },
        "checks": {
            "passes": 13499,
            "fails": 0,
            "value": 1
        },
        "iteration_duration": {
            "avg": 2.261441789021409,
            "min": 0.535627,
            "med": 1.327981,
            "max": 483.361794,
            "p(90)": 1.6552594000000003,
            "p(95)": 1.8087402999999975
        },
        "http_req_waiting": {
            "p(90)": 1.3223362000000003,
            "p(95)": 1.4453790999999991,
            "avg": 1.9748689495518286,
            "min": 0.406632,
            "med": 1.056602,
            "max": 483.043474
        },
        "satrank_bench_health_ok": {
            "passes": 13499,
            "fails": 0,
            "thresholds": {
                "rate>0.99": false
            },
            "value": 1
        },
        "http_req_sending": {
            "avg": 0.028923560263723093,
            "min": 0.005728,
            "med": 0.025959,
            "max": 0.353793,
            "p(90)": 0.03850200000000001,
            "p(95)": 0.053250999999999986
        },
        "http_req_duration": {
            "p(90)": 1.4410112000000002,
            "p(95)": 1.5716850999999983,
            "avg": 2.0773636604933707,
            "min": 0.450879,
            "med": 1.157775,
            "max": 483.164567
        },
        "http_req_receiving": {
            "p(90)": 0.10252980000000002,
            "p(95)": 0.11465109999999987,
            "avg": 0.07357115067782809,
            "min": 0.019249,
            "med": 0.070737,
            "max": 0.347494
        },
        "vus_max": {
            "value": 200,
            "min": 200,
            "max": 200
        },
        "http_req_tls_handshaking": {
            "max": 0,
            "p(90)": 0,
            "p(95)": 0,
            "avg": 0,
            "min": 0,
            "med": 0
        },
        "http_req_connecting": {
            "p(90)": 0,
            "p(95)": 0,
            "avg": 0.005616003555818949,
            "min": 0,
            "med": 0,
            "max": 2.603663
        },
        "iterations": {
            "count": 13499,
            "rate": 89.99261041189479
        },
        "http_req_blocked": {
            "avg": 0.014798613452848407,
            "min": 0.002223,
            "med": 0.0063,
            "max": 2.712367,
            "p(90)": 0.008693,
            "p(95)": 0.010906999999999986
        }
    }
}