{
    "root_group": {
        "id": "d41d8cd98f00b204e9800998ecf8427e",
        "groups": {},
        "checks": {
                "served (200 or 503)": {
                    "fails": 0,
                    "name": "served (200 or 503)",
                    "path": "::served (200 or 503)",
                    "id": "9aceccd6537654d9306deb0c02dbb05a",
                    "passes": 134
                }
            },
        "name": "",
        "path": ""
    },
    "metrics": {
        "satrank_bench_health_ok": {
            "passes": 134,
            "fails": 0,
            "thresholds": {
                "rate>0.99": false
            },
            "value": 1
        },
        "vus_max": {
            "min": 50,
            "max": 50,
            "value": 50
        },
        "checks": {
            "passes": 134,
            "fails": 0,
            "value": 1
        },
        "http_req_duration": {
            "avg": 34.659660791044764,
            "min": 1.173407,
            "med": 1.9506345,
            "max": 2460.320929,
            "p(90)": 2.3453043,
            "p(95)": 2.5155075499999997
        },
        "http_reqs": {
            "count": 134,
            "rate": 0.8933289090028009
        },
        "vus": {
            "max": 2,
            "value": 0,
            "min": 0
        },
        "data_received": {
            "count": 210916,
            "rate": 1406.0997027704086
        },
        "http_req_waiting": {
            "max": 2460.115399,
            "p(90)": 2.1301684,
            "p(95)": 2.25977965,
            "avg": 34.46830529104477,
            "min": 0.969952,
            "med": 1.769416
        },
        "http_req_failed": {
            "passes": 134,
            "fails": 0,
            "value": 1
        },
        "data_sent": {
            "count": 10720,
            "rate": 71.46631272022408
        },
        "iterations": {
            "count": 134,
            "rate": 0.8933289090028009
        },
        "http_req_connecting": {
            "avg": 0.27898619402985064,
            "min": 0.19256,
            "med": 0.273457,
            "max": 0.512632,
            "p(90)": 0.3304216,
            "p(95)": 0.34924239999999995
        },
        "http_req_blocked": {
            "avg": 0.39216987313432833,
            "min": 0.25218,
            "med": 0.384344,
            "max": 0.807938,
            "p(90)": 0.4488769,
            "p(95)": 0.47673235
        },
        "http_req_receiving": {
            "p(90)": 0.1193974,
            "p(95)": 0.13071259999999996,
            "avg": 0.09263425373134329,
            "min": 0.040882,
            "med": 0.084172,
            "max": 0.367183
        },
        "http_req_sending": {
            "p(95)": 0.1309029,
            "avg": 0.09872124626865675,
            "min": 0.047571,
            "med": 0.09206900000000001,
            "max": 0.604251,
            "p(90)": 0.1268804
        },
        "satrank_bench_health_latency_ms": {
            "min": 1.173407,
            "med": 1.9506345,
            "max": 2460.320929,
            "p(90)": 2.3453043,
            "p(95)": 2.5155075499999997,
            "avg": 34.659660791044764,
            "thresholds": {
                "p(95)<200": false
            }
        },
        "http_req_tls_handshaking": {
            "p(95)": 0,
            "avg": 0,
            "min": 0,
            "med": 0,
            "max": 0,
            "p(90)": 0
        },
        "iteration_duration": {
            "min": 1.604587,
            "med": 2.6495715,
            "max": 2461.077879,
            "p(90)": 3.070764,
            "p(95)": 3.3112138999999985,
            "avg": 35.35323829850745
        }
    }
}