{
    "root_group": {
        "name": "",
        "path": "",
        "id": "d41d8cd98f00b204e9800998ecf8427e",
        "groups": {},
        "checks": {
                "served (200 or 503)": {
                    "name": "served (200 or 503)",
                    "path": "::served (200 or 503)",
                    "id": "9aceccd6537654d9306deb0c02dbb05a",
                    "passes": 1349,
                    "fails": 0
                }
            }
    },
    "metrics": {
        "iterations": {
            "count": 1349,
            "rate": 8.9933055642241
        },
        "http_req_tls_handshaking": {
            "avg": 0,
            "min": 0,
            "med": 0,
            "max": 0,
            "p(90)": 0,
            "p(95)": 0
        },
        "http_req_receiving": {
            "max": 0.230757,
            "p(90)": 0.1218652,
            "p(95)": 0.133618,
            "avg": 0.09213325722757586,
            "min": 0.020982,
            "med": 0.088593
        },
        "vus": {
            "value": 0,
            "min": 0,
            "max": 1
        },
        "http_req_connecting": {
            "p(95)": 0.27300299999999994,
            "avg": 0.026812002223869525,
            "min": 0,
            "med": 0,
            "max": 0.399201,
            "p(90)": 0
        },
        "iteration_duration": {
            "avg": 2.8964590029651593,
            "min": 1.138475,
            "med": 2.067576,
            "max": 416.978078,
            "p(90)": 2.4738402,
            "p(95)": 2.6371736
        },
        "http_reqs": {
            "count": 1349,
            "rate": 8.9933055642241
        },
        "satrank_bench_health_latency_ms": {
            "avg": 2.5927574670125986,
            "min": 0.915,
            "med": 1.785851,
            "max": 416.846009,
            "p(90)": 2.0610796000000002,
            "p(95)": 2.197593,
            "thresholds": {
                "p(95)<200": false
            }
        },
        "satrank_bench_health_ok": {
            "passes": 1349,
            "fails": 0,
            "thresholds": {
                "rate>0.99": false
            },
            "value": 1
        },
        "http_req_duration": {
            "med": 1.785851,
            "max": 416.846009,
            "p(90)": 2.0610796000000002,
            "p(95)": 2.197593,
            "avg": 2.5927574670125986,
            "min": 0.915
        },
        "http_req_blocked": {
            "min": 0.004818,
            "med": 0.008603,
            "max": 0.60413,
            "p(90)": 0.055374,
            "p(95)": 0.39420819999999995,
            "avg": 0.046825026686434346
        },
        "http_req_sending": {
            "min": 0.017286,
            "med": 0.034522,
            "max": 0.39072,
            "p(90)": 0.08106000000000001,
            "p(95)": 0.11101899999999999,
            "avg": 0.044365299481097124
        },
        "http_req_failed": {
            "passes": 1349,
            "fails": 0,
            "value": 1
        },
        "checks": {
            "passes": 1349,
            "fails": 0,
            "value": 1
        },
        "data_received": {
            "count": 2123326,
            "rate": 14155.462958088732
        },
        "http_req_waiting": {
            "max": 416.784917,
            "p(90)": 1.9167508,
            "p(95)": 2.0430346,
            "avg": 2.4562589103039283,
            "min": 0.813896,
            "med": 1.651058
        },
        "vus_max": {
            "value": 50,
            "min": 50,
            "max": 50
        },
        "data_sent": {
            "count": 107920,
            "rate": 719.4644451379279
        }
    }
}