{
    "metrics": {
        "http_req_connecting": {
            "med": 0,
            "max": 0.495406,
            "p(90)": 0.27603589999999995,
            "p(95)": 0.3111784999999999,
            "avg": 0.052060202247191004,
            "min": 0
        },
        "http_req_tls_handshaking": {
            "max": 0,
            "p(90)": 0,
            "p(95)": 0,
            "avg": 0,
            "min": 0,
            "med": 0
        },
        "vus_max": {
            "value": 50,
            "min": 50,
            "max": 50
        },
        "http_reqs": {
            "count": 712,
            "rate": 8.249761019891555
        },
        "checks": {
            "fails": 0,
            "passes": 712,
            "value": 1
        },
        "http_req_duration": {
            "p(95)": 114.36626439999523,
            "avg": 81.78426459971912,
            "min": 1.224385,
            "med": 2.5734125,
            "max": 3284.262788,
            "p(90)": 3.2059878999999993
        },
        "http_req_blocked": {
            "avg": 0.09571024438202239,
            "min": 0.005198,
            "med": 0.008673,
            "max": 2.009728,
            "p(90)": 0.3979569,
            "p(95)": 0.44283995
        },
        "data_sent": {
            "count": 68448,
            "rate": 793.089385238114
        },
        "iterations": {
            "count": 712,
            "rate": 8.249761019891555
        },
        "http_req_receiving": {
            "med": 0.13136799999999998,
            "max": 0.665944,
            "p(90)": 0.181633,
            "p(95)": 0.20110989999999995,
            "avg": 0.13609188764044938,
            "min": 0.039008
        },
        "http_req_duration{expected_response:true}": {
            "min": 1.224385,
            "med": 2.5734125,
            "max": 3284.262788,
            "p(90)": 3.2059878999999993,
            "p(95)": 114.36626439999523,
            "avg": 81.78426459971912
        },
        "iteration_duration": {
            "avg": 82.12018771488763,
            "min": 1.419479,
            "med": 2.8677710000000003,
            "max": 3284.486524,
            "p(90)": 3.7941835999999998,
            "p(95)": 114.52644744999522
        },
        "satrank_bench_top_latency_ms": {
            "avg": 81.78426459971912,
            "min": 1.224385,
            "med": 2.5734125,
            "max": 3284.262788,
            "p(90)": 3.2059878999999993,
            "p(95)": 114.36626439999523,
            "thresholds": {
                "p(95)<300": false
            }
        },
        "http_req_failed": {
            "passes": 0,
            "fails": 712,
            "value": 0
        },
        "data_received": {
            "count": 23114368,
            "rate": 267820.2417497595
        },
        "vus": {
            "value": 0,
            "min": 0,
            "max": 31
        },
        "satrank_bench_top_ok": {
            "passes": 712,
            "fails": 0,
            "thresholds": {
                "rate>0.98": false
            },
            "value": 1
        },
        "http_req_waiting": {
            "avg": 12.323427643258432,
            "min": 1.144564,
            "med": 2.384624,
            "max": 966.291279,
            "p(90)": 2.9561213,
            "p(95)": 17.397924499999963
        },
        "http_req_sending": {
            "med": 0.0365805,
            "max": 3244.761327,
            "p(90)": 0.1215651,
            "p(95)": 0.14567294999999997,
            "avg": 69.3247450688202,
            "min": 0.018538
        }
    },
    "root_group": {
        "name": "",
        "path": "",
        "id": "d41d8cd98f00b204e9800998ecf8427e",
        "groups": {},
        "checks": {
                "status is 200": {
                    "id": "6210a8cd14cd70477eba5c5e4cb3fb5f",
                    "passes": 712,
                    "fails": 0,
                    "name": "status is 200",
                    "path": "::status is 200"
                }
            }
    }
}