{
    "root_group": {
        "checks": {
            "status is 200": {
                "id": "6210a8cd14cd70477eba5c5e4cb3fb5f",
                "passes": 135,
                "fails": 0,
                "name": "status is 200",
                "path": "::status is 200"
            }
        },
        "name": "",
        "path": "",
        "id": "d41d8cd98f00b204e9800998ecf8427e",
        "groups": {}
    },
    "metrics": {
        "http_req_duration{expected_response:true}": {
            "avg": 3.3597737703703707,
            "min": 1.503726,
            "med": 2.709282,
            "max": 90.229306,
            "p(90)": 3.3357262,
            "p(95)": 3.3969405999999998
        },
        "http_req_blocked": {
            "avg": 0.4034005185185187,
            "min": 0.247273,
            "med": 0.39206,
            "max": 1.973263,
            "p(90)": 0.4570224,
            "p(95)": 0.48407019999999995
        },
        "http_req_sending": {
            "max": 0.515325,
            "p(90)": 0.13794160000000003,
            "p(95)": 0.14613199999999998,
            "avg": 0.10461265185185184,
            "min": 0.046741,
            "med": 0.101423
        },
        "data_received": {
            "count": 4382640,
            "rate": 29216.74252347225
        },
        "checks": {
            "passes": 135,
            "fails": 0,
            "value": 1
        },
        "vus_max": {
            "value": 50,
            "min": 50,
            "max": 50
        },
        "http_req_tls_handshaking": {
            "avg": 0,
            "min": 0,
            "med": 0,
            "max": 0,
            "p(90)": 0,
            "p(95)": 0
        },
        "data_sent": {
            "count": 12555,
            "rate": 83.6975435769751
        },
        "http_req_connecting": {
            "avg": 0.29050434074074083,
            "min": 0.173322,
            "med": 0.282025,
            "max": 1.8916,
            "p(90)": 0.32807840000000005,
            "p(95)": 0.3441997
        },
        "iteration_duration": {
            "avg": 4.040961044444445,
            "min": 2.042868,
            "med": 3.412342,
            "max": 91.407401,
            "p(90)": 4.0271466,
            "p(95)": 4.2120207999999995
        },
        "satrank_bench_top_ok": {
            "passes": 135,
            "fails": 0,
            "thresholds": {
                "rate>0.98": false
            },
            "value": 1
        },
        "http_req_waiting": {
            "p(90)": 2.995177,
            "p(95)": 3.1336586,
            "avg": 3.1256304962962957,
            "min": 1.289353,
            "med": 2.484624,
            "max": 90.024378
        },
        "http_req_receiving": {
            "min": 0.048222,
            "med": 0.127803,
            "max": 0.294433,
            "p(90)": 0.1715662,
            "p(95)": 0.20410389999999998,
            "avg": 0.12953062222222225
        },
        "http_req_failed": {
            "passes": 0,
            "fails": 135,
            "value": 0
        },
        "satrank_bench_top_latency_ms": {
            "avg": 3.3597737703703707,
            "min": 1.503726,
            "med": 2.709282,
            "max": 90.229306,
            "p(90)": 3.3357262,
            "p(95)": 3.3969405999999998,
            "thresholds": {
                "p(95)<300": false
            }
        },
        "vus": {
            "value": 0,
            "min": 0,
            "max": 0
        },
        "http_req_duration": {
            "p(95)": 3.3969405999999998,
            "avg": 3.3597737703703707,
            "min": 1.503726,
            "med": 2.709282,
            "max": 90.229306,
            "p(90)": 3.3357262
        },
        "http_reqs": {
            "count": 135,
            "rate": 0.8999735868491945
        },
        "iterations": {
            "count": 135,
            "rate": 0.8999735868491945
        }
    }
}