{
    "root_group": {
        "checks": {
            "status 200 or 400": {
                "fails": 0,
                "name": "status 200 or 400",
                "path": "::status 200 or 400",
                "id": "5600cfa9479b36af767782398bc3ef07",
                "passes": 194
            }
        },
        "name": "",
        "path": "",
        "id": "d41d8cd98f00b204e9800998ecf8427e",
        "groups": {}
    },
    "metrics": {
        "http_req_sending": {
            "min": 0.054972,
            "med": 0.10536899999999999,
            "max": 0.235926,
            "p(90)": 0.15297510000000003,
            "p(95)": 0.16635505,
            "avg": 0.11126207216494848
        },
        "iterations": {
            "count": 194,
            "rate": 0.9238061686818906
        },
        "vus": {
            "value": 0,
            "min": 0,
            "max": 10
        },
        "iteration_duration": {
            "avg": 482.55038593814436,
            "min": 5.824697,
            "med": 14.172920999999999,
            "max": 15491.659166,
            "p(90)": 45.74668280000001,
            "p(95)": 2279.754689999998
        },
        "http_reqs": {
            "count": 194,
            "rate": 0.9238061686818906
        },
        "http_req_waiting": {
            "p(95)": 2278.6757656499976,
            "avg": 481.5198813350517,
            "min": 5.118012,
            "med": 13.061817000000001,
            "max": 15490.568172,
            "p(90)": 44.4445171
        },
        "satrank_bench_intent_latency_ms": {
            "med": 13.302238,
            "max": 15490.787503,
            "p(90)": 44.745896800000004,
            "p(95)": 2278.879613449998,
            "avg": 481.74616815463895,
            "min": 5.313116,
            "thresholds": {
                "p(95)<500": true
            }
        },
        "http_req_failed": {
            "passes": 0,
            "fails": 194,
            "value": 0
        },
        "http_req_receiving": {
            "max": 0.200852,
            "p(90)": 0.15358880000000005,
            "p(95)": 0.17659909999999998,
            "avg": 0.11502474742268037,
            "min": 0.044437,
            "med": 0.10982600000000001
        },
        "data_received": {
            "count": 1572598,
            "rate": 7488.534707509298
        },
        "data_sent": {
            "count": 32104,
            "rate": 152.8756352544506
        },
        "satrank_bench_intent_ok": {
            "passes": 194,
            "fails": 0,
            "thresholds": {
                "rate>0.95": false
            },
            "value": 1
        },
        "vus_max": {
            "value": 100,
            "min": 100,
            "max": 100
        },
        "http_req_blocked": {
            "min": 0.198179,
            "med": 0.39455450000000003,
            "max": 0.630079,
            "p(90)": 0.47290170000000004,
            "p(95)": 0.48655895,
            "avg": 0.3989986082474226
        },
        "http_req_tls_handshaking": {
            "avg": 0,
            "min": 0,
            "med": 0,
            "max": 0,
            "p(90)": 0,
            "p(95)": 0
        },
        "http_req_duration": {
            "avg": 481.74616815463895,
            "min": 5.313116,
            "med": 13.302238,
            "max": 15490.787503,
            "p(90)": 44.745896800000004,
            "p(95)": 2278.879613449998
        },
        "checks": {
            "passes": 194,
            "fails": 0,
            "value": 1
        },
        "http_req_duration{expected_response:true}": {
            "med": 13.302238,
            "max": 15490.787503,
            "p(90)": 44.745896800000004,
            "p(95)": 2278.879613449998,
            "avg": 481.74616815463895,
            "min": 5.313116
        },
        "http_req_connecting": {
            "avg": 0.2840081030927835,
            "min": 0.13912,
            "med": 0.280763,
            "max": 0.371099,
            "p(90)": 0.33589240000000004,
            "p(95)": 0.35022315
        }
    }
}