{
    "metrics": {
        "satrank_bench_intent_latency_ms": {
            "p(95)": 37.8706112,
            "avg": 15.732822450487431,
            "min": 4.318397,
            "med": 12.374686,
            "max": 458.912656,
            "p(90)": 34.121077400000004,
            "thresholds": {
                "p(95)<500": false
            }
        },
        "http_req_blocked": {
            "avg": 0.39828823191380164,
            "min": 0.19931,
            "med": 0.398961,
            "max": 1.498278,
            "p(90)": 0.468015,
            "p(95)": 0.49598359999999997
        },
        "iterations": {
            "count": 1949,
            "rate": 9.280893462614465
        },
        "http_req_sending": {
            "p(95)": 0.16202840000000002,
            "avg": 0.11351982503848115,
            "min": 0.044246,
            "med": 0.113441,
            "max": 0.563139,
            "p(90)": 0.15059820000000002
        },
        "http_req_receiving": {
            "avg": 0.10837200307850185,
            "min": 0.039259,
            "med": 0.106471,
            "max": 0.357078,
            "p(90)": 0.1411128,
            "p(95)": 0.1551806
        },
        "data_sent": {
            "count": 322893,
            "rate": 1537.5759532190727
        },
        "http_req_duration{expected_response:true}": {
            "min": 4.318397,
            "med": 12.374686,
            "max": 458.912656,
            "p(90)": 34.121077400000004,
            "p(95)": 37.8706112,
            "avg": 15.732822450487431
        },
        "http_req_waiting": {
            "avg": 15.510930622370486,
            "min": 4.091434,
            "med": 12.142626,
            "max": 458.715058,
            "p(90)": 33.90278000000001,
            "p(95)": 37.653577999999996
        },
        "vus": {
            "value": 0,
            "min": 0,
            "max": 1
        },
        "http_req_connecting": {
            "min": 0.127832,
            "med": 0.282806,
            "max": 1.346949,
            "p(90)": 0.3395006,
            "p(95)": 0.35927,
            "avg": 0.28465161877886036
        },
        "iteration_duration": {
            "avg": 16.451967518727532,
            "min": 4.753943,
            "med": 13.07361,
            "max": 459.667433,
            "p(90)": 34.88004520000001,
            "p(95)": 38.617664399999995
        },
        "http_reqs": {
            "count": 1949,
            "rate": 9.280893462614465
        },
        "data_received": {
            "count": 15975591,
            "rate": 76073.75991447024
        },
        "satrank_bench_intent_ok": {
            "passes": 1949,
            "fails": 0,
            "thresholds": {
                "rate>0.95": false
            },
            "value": 1
        },
        "vus_max": {
            "value": 100,
            "min": 100,
            "max": 100
        },
        "http_req_failed": {
            "passes": 0,
            "fails": 1949,
            "value": 0
        },
        "checks": {
            "passes": 1949,
            "fails": 0,
            "value": 1
        },
        "http_req_duration": {
            "avg": 15.732822450487431,
            "min": 4.318397,
            "med": 12.374686,
            "max": 458.912656,
            "p(90)": 34.121077400000004,
            "p(95)": 37.8706112
        },
        "http_req_tls_handshaking": {
            "min": 0,
            "med": 0,
            "max": 0,
            "p(90)": 0,
            "p(95)": 0,
            "avg": 0
        }
    },
    "root_group": {
        "path": "",
        "id": "d41d8cd98f00b204e9800998ecf8427e",
        "groups": {},
        "checks": {
                "status 200 or 400": {
                    "id": "5600cfa9479b36af767782398bc3ef07",
                    "passes": 1949,
                    "fails": 0,
                    "name": "status 200 or 400",
                    "path": "::status 200 or 400"
                }
            },
        "name": ""
    }
}