{
    "root_group": {
        "name": "",
        "path": "",
        "id": "d41d8cd98f00b204e9800998ecf8427e",
        "groups": {},
        "checks": {
                "status 200 or 400": {
                    "passes": 19432,
                    "fails": 0,
                    "name": "status 200 or 400",
                    "path": "::status 200 or 400",
                    "id": "5600cfa9479b36af767782398bc3ef07"
                }
            }
    },
    "metrics": {
        "vus": {
            "value": 1,
            "min": 0,
            "max": 255
        },
        "http_req_sending": {
            "min": 0.008482,
            "med": 0.029394,
            "max": 0.798513,
            "p(90)": 0.043634100000000016,
            "p(95)": 0.053861,
            "avg": 0.03132972854055185
        },
        "http_req_failed": {
            "passes": 0,
            "fails": 19432,
            "value": 0
        },
        "http_req_duration": {
            "min": 2.897406,
            "med": 10.5119645,
            "max": 5577.249405,
            "p(90)": 31.080796400000008,
            "p(95)": 43.81767230000002,
            "avg": 77.80242978715486
        },
        "vus_max": {
            "value": 267,
            "min": 200,
            "max": 267
        },
        "dropped_iterations": {
            "count": 67,
            "rate": 0.31902364876673167
        },
        "http_req_receiving": {
            "p(90)": 0.11672400000000001,
            "p(95)": 0.13038645000000001,
            "avg": 0.0831510159016055,
            "min": 0.023907,
            "med": 0.081593,
            "max": 2.401148
        },
        "iteration_duration": {
            "p(95)": 44.12793480000003,
            "avg": 78.03538012741815,
            "min": 3.021973,
            "med": 10.767314500000001,
            "max": 5577.795579,
            "p(90)": 31.329109900000002
        },
        "checks": {
            "passes": 19432,
            "fails": 0,
            "value": 1
        },
        "http_req_duration{expected_response:true}": {
            "p(90)": 31.080796400000008,
            "p(95)": 43.81767230000002,
            "avg": 77.80242978715486,
            "min": 2.897406,
            "med": 10.5119645,
            "max": 5577.249405
        },
        "data_received": {
            "count": 158195513,
            "rate": 753255.3697878348
        },
        "http_reqs": {
            "rate": 92.52638123634522,
            "count": 19432
        },
        "http_req_connecting": {
            "p(95)": 0,
            "avg": 0.005045518423219435,
            "min": 0,
            "med": 0,
            "max": 5.880871,
            "p(90)": 0
        },
        "satrank_bench_intent_ok": {
            "passes": 19432,
            "fails": 0,
            "thresholds": {
                "rate>0.95": false
            },
            "value": 1
        },
        "http_req_blocked": {
            "max": 5.977457,
            "p(90)": 0.008191200000000011,
            "p(95)": 0.009635,
            "avg": 0.013287239604775524,
            "min": 0.002504,
            "med": 0.005929
        },
        "http_req_waiting": {
            "p(90)": 30.967052900000027,
            "p(95)": 43.6787396,
            "avg": 77.68794904271317,
            "min": 2.839518,
            "med": 10.39942,
            "max": 5577.101463
        },
        "data_sent": {
            "count": 3220948,
            "rate": 15336.695275341894
        },
        "satrank_bench_intent_latency_ms": {
            "avg": 77.80242978715486,
            "min": 2.897406,
            "med": 10.5119645,
            "max": 5577.249405,
            "p(90)": 31.080796400000008,
            "p(95)": 43.81767230000002,
            "thresholds": {
                "p(95)<500": false
            }
        },
        "http_req_tls_handshaking": {
            "avg": 0,
            "min": 0,
            "med": 0,
            "max": 0,
            "p(90)": 0,
            "p(95)": 0
        },
        "iterations": {
            "count": 19432,
            "rate": 92.52638123634522
        }
    }
}