{
    "metrics": {
        "http_req_duration": {
            "max": 60012.004842,
            "p(90)": 60000.288147,
            "p(95)": 60000.605981,
            "avg": 17553.45761683123,
            "min": 3.319842,
            "med": 5550.877758
        },
        "iteration_duration": {
            "avg": 17553.784248234133,
            "min": 3.799175,
            "med": 5551.077058,
            "max": 60012.67462,
            "p(90)": 60000.771805,
            "p(95)": 60001.07525
        },
        "iterations": {
            "count": 46391,
            "rate": 193.2769697893867
        },
        "vus_max": {
            "value": 4000,
            "min": 2000,
            "max": 4000
        },
        "satrank_bench_intent_ok": {
            "passes": 35960,
            "fails": 10431,
            "thresholds": {
                "rate>0.95": true
            },
            "value": 0.7751503524390507
        },
        "http_req_connecting": {
            "p(90)": 0.200192,
            "p(95)": 0.2334965,
            "avg": 0.07633559382207766,
            "min": 0,
            "med": 0,
            "max": 15.781739
        },
        "http_req_duration{expected_response:true}": {
            "avg": 6193.435936008268,
            "min": 3.319842,
            "med": 5379.6018715,
            "max": 58411.15837,
            "p(90)": 6102.514690399999,
            "p(95)": 23262.246178399993
        },
        "http_reqs": {
            "count": 46391,
            "rate": 193.2769697893867
        },
        "http_req_blocked": {
            "p(90)": 0.274473,
            "p(95)": 0.319331,
            "avg": 0.10019069386303453,
            "min": 0.001302,
            "med": 0.005077,
            "max": 15.921901
        },
        "satrank_bench_intent_latency_ms": {
            "min": 3.319842,
            "med": 5550.877758,
            "max": 60012.004842,
            "p(90)": 60000.288147,
            "p(95)": 60000.605981,
            "avg": 17553.45761683123,
            "thresholds": {
                "p(95)<500": true
            }
        },
        "http_req_failed": {
            "passes": 10431,
            "fails": 35960,
            "value": 0.22484964756094933
        },
        "checks": {
            "passes": 35960,
            "fails": 10431,
            "value": 0.7751503524390507
        },
        "http_req_sending": {
            "med": 0.029304,
            "max": 10.030103,
            "p(90)": 0.072009,
            "p(95)": 0.0911525,
            "avg": 0.04002988051561712,
            "min": 0.004737
        },
        "dropped_iterations": {
            "count": 148095,
            "rate": 617.0022814976875
        },
        "data_received": {
            "count": 293403177,
            "rate": 1222393.9336754775
        },
        "data_sent": {
            "count": 7772139,
            "rate": 32380.752186887847
        },
        "http_req_tls_handshaking": {
            "p(95)": 0,
            "avg": 0,
            "min": 0,
            "med": 0,
            "max": 0,
            "p(90)": 0
        },
        "http_req_receiving": {
            "med": 0.071048,
            "max": 3.654527,
            "p(90)": 0.109114,
            "p(95)": 0.1220245,
            "avg": 0.06419008247289332,
            "min": 0
        },
        "vus": {
            "value": 492,
            "min": 0,
            "max": 4000
        },
        "http_req_waiting": {
            "max": 60011.935877,
            "p(90)": 60000.224721,
            "p(95)": 60000.541839,
            "avg": 17553.3533968682,
            "min": 3.184358,
            "med": 5550.784337
        }
    },
    "root_group": {
        "name": "",
        "path": "",
        "id": "d41d8cd98f00b204e9800998ecf8427e",
        "groups": {},
        "checks": {
                "status 200 or 400": {
                    "name": "status 200 or 400",
                    "path": "::status 200 or 400",
                    "id": "5600cfa9479b36af767782398bc3ef07",
                    "passes": 35960,
                    "fails": 10431
                }
            }
    }
}