{
    "root_group": {
        "groups": {},
        "checks": {
                "status 200 or 404": {
                    "name": "status 200 or 404",
                    "path": "::status 200 or 404",
                    "id": "561a74a8fe0120bc97123b4139e43b54",
                    "passes": 1949,
                    "fails": 0
                }
            },
        "name": "",
        "path": "",
        "id": "d41d8cd98f00b204e9800998ecf8427e"
    },
    "metrics": {
        "http_req_tls_handshaking": {
            "avg": 0,
            "min": 0,
            "med": 0,
            "max": 0,
            "p(90)": 0,
            "p(95)": 0
        },
        "http_req_duration{expected_response:true}": {
            "avg": 2.8084321985633682,
            "min": 1.173489,
            "med": 2.245474,
            "max": 397.846181,
            "p(90)": 2.7217416,
            "p(95)": 3.1047
        },
        "checks": {
            "fails": 0,
            "passes": 1949,
            "value": 1
        },
        "iteration_duration": {
            "avg": 3.512073753719865,
            "min": 1.661704,
            "med": 2.955403,
            "max": 398.438394,
            "p(90)": 3.4697848000000002,
            "p(95)": 3.9261296
        },
        "iterations": {
            "count": 1949,
            "rate": 9.280888281569377
        },
        "satrank_bench_operator_show_latency_ms": {
            "max": 397.846181,
            "p(90)": 2.7217416,
            "p(95)": 3.1047,
            "avg": 2.8084321985633682,
            "min": 1.173489,
            "med": 2.245474,
            "thresholds": {
                "p(95)<500": false
            }
        },
        "http_req_connecting": {
            "avg": 0.2828407465366852,
            "min": 0.138368,
            "med": 0.277959,
            "max": 3.311019,
            "p(90)": 0.3409994,
            "p(95)": 0.3605806
        },
        "http_req_receiving": {
            "avg": 0.09069952796305815,
            "min": 0.036685,
            "med": 0.087332,
            "max": 0.309376,
            "p(90)": 0.121435,
            "p(95)": 0.13297099999999998
        },
        "http_req_failed": {
            "passes": 0,
            "fails": 1949,
            "value": 0
        },
        "data_received": {
            "count": 3317198,
            "rate": 15796.071855231077
        },
        "http_req_duration": {
            "p(95)": 3.1047,
            "avg": 2.8084321985633682,
            "min": 1.173489,
            "med": 2.245474,
            "max": 397.846181,
            "p(90)": 2.7217416
        },
        "http_req_sending": {
            "avg": 0.10318439250897898,
            "min": 0.04019,
            "med": 0.100781,
            "max": 0.555888,
            "p(90)": 0.1388578,
            "p(95)": 0.150415
        },
        "vus": {
            "value": 0,
            "min": 0,
            "max": 1
        },
        "satrank_bench_operator_show_ok": {
            "fails": 0,
            "passes": 1949,
            "thresholds": {
                "rate>0.95": false
            },
            "value": 1
        },
        "http_req_waiting": {
            "max": 397.698698,
            "p(90)": 2.499692,
            "p(95)": 2.8826263999999995,
            "avg": 2.614548278091334,
            "min": 1.049612,
            "med": 2.05113
        },
        "vus_max": {
            "value": 100,
            "min": 100,
            "max": 100
        },
        "http_req_blocked": {
            "p(95)": 0.5025516,
            "avg": 0.3963288763468447,
            "min": 0.208013,
            "med": 0.390198,
            "max": 3.420073,
            "p(90)": 0.4770062
        },
        "data_sent": {
            "rate": 1364.2905773906982,
            "count": 286503
        },
        "http_reqs": {
            "count": 1949,
            "rate": 9.280888281569377
        }
    }
}