{
    "metrics": {
        "iterations": {
            "count": 194158,
            "rate": 924.5415049429091
        },
        "checks": {
            "passes": 194158,
            "fails": 0,
            "value": 1
        },
        "data_sent": {
            "count": 28541226,
            "rate": 135907.60122660763
        },
        "http_req_tls_handshaking": {
            "avg": 0,
            "min": 0,
            "med": 0,
            "max": 0,
            "p(90)": 0,
            "p(95)": 0
        },
        "http_req_failed": {
            "passes": 0,
            "fails": 194158,
            "value": 0
        },
        "iteration_duration": {
            "avg": 40.57286329567638,
            "min": 0.526033,
            "med": 1.2617665,
            "max": 3439.799662,
            "p(90)": 3.6325190000000007,
            "p(95)": 5.834010499999999
        },
        "http_req_duration": {
            "avg": 40.43099315073337,
            "min": 0.449978,
            "med": 1.1194115,
            "max": 3439.673242,
            "p(90)": 3.4829900000000094,
            "p(95)": 5.683840999999999
        },
        "vus": {
            "max": 2494,
            "value": 2,
            "min": 0
        },
        "vus_max": {
            "value": 2618,
            "min": 2000,
            "max": 2618
        },
        "http_req_duration{expected_response:true}": {
            "avg": 40.43099315073337,
            "min": 0.449978,
            "med": 1.1194115,
            "max": 3439.673242,
            "p(90)": 3.4829900000000094,
            "p(95)": 5.683840999999999
        },
        "http_req_waiting": {
            "min": 0.419482,
            "med": 1.0582194999999999,
            "max": 3439.621875,
            "p(90)": 3.420304000000001,
            "p(95)": 5.618225299999998,
            "avg": 40.370447042177986
        },
        "dropped_iterations": {
            "count": 822,
            "rate": 3.9141993482785735
        },
        "satrank_bench_operator_show_ok": {
            "passes": 194158,
            "fails": 0,
            "thresholds": {
                "rate>0.95": false
            },
            "value": 1
        },
        "http_req_receiving": {
            "med": 0.039129,
            "max": 8.890737,
            "p(90)": 0.071978,
            "p(95)": 0.082875,
            "avg": 0.04447030377836569,
            "min": 0.011157
        },
        "satrank_bench_operator_show_latency_ms": {
            "avg": 40.43099315073337,
            "min": 0.449978,
            "med": 1.1194115,
            "max": 3439.673242,
            "p(90)": 3.4829900000000094,
            "p(95)": 5.683840999999999,
            "thresholds": {
                "p(95)<500": false
            }
        },
        "data_received": {
            "count": 330456916,
            "rate": 1573569.6414128314
        },
        "http_reqs": {
            "count": 194158,
            "rate": 924.5415049429091
        },
        "http_req_connecting": {
            "med": 0,
            "max": 12.201134,
            "p(90)": 0,
            "p(95)": 0,
            "avg": 0.003622700007210628,
            "min": 0
        },
        "http_req_blocked": {
            "p(95)": 0.00627,
            "avg": 0.008797579363197907,
            "min": 0.001452,
            "med": 0.003566,
            "max": 12.285231,
            "p(90)": 0.005448
        },
        "http_req_sending": {
            "avg": 0.016075804777552476,
            "min": 0.003425,
            "med": 0.012619,
            "max": 3.148794,
            "p(90)": 0.024337,
            "p(95)": 0.029394149999999994
        }
    },
    "root_group": {
        "groups": {},
        "checks": {
                "status 200 or 404": {
                    "passes": 194158,
                    "fails": 0,
                    "name": "status 200 or 404",
                    "path": "::status 200 or 404",
                    "id": "561a74a8fe0120bc97123b4139e43b54"
                }
            },
        "name": "",
        "path": "",
        "id": "d41d8cd98f00b204e9800998ecf8427e"
    }
}