{
    "metrics": {
        "http_req_connecting": {
            "p(95)": 0.2323496,
            "avg": 0.10435895383799511,
            "min": 0,
            "med": 0,
            "max": 12.164971,
            "p(90)": 0.19837100000000005
        },
        "http_req_receiving": {
            "max": 2.423101,
            "p(90)": 0.1193502,
            "p(95)": 0.1336916,
            "avg": 0.0689666076229574,
            "min": 0,
            "med": 0.076937
        },
        "vus_max": {
            "value": 4000,
            "min": 2000,
            "max": 4000
        },
        "satrank_bench_services_ok": {
            "passes": 33460,
            "fails": 9909,
            "thresholds": {
                "rate>0.98": true
            },
            "value": 0.771518826811778
        },
        "http_req_failed": {
            "passes": 9909,
            "fails": 33460,
            "value": 0.228481173188222
        },
        "http_reqs": {
            "count": 43369,
            "rate": 180.69284118796762
        },
        "http_req_sending": {
            "p(90)": 0.0647482,
            "p(95)": 0.08366859999999997,
            "avg": 0.03334679865802767,
            "min": 0.004136,
            "med": 0.024057,
            "max": 15.340795
        },
        "http_req_waiting": {
            "avg": 19096.33945898905,
            "min": 5.790366,
            "med": 5950.766016,
            "max": 60002.681939,
            "p(90)": 60000.268975,
            "p(95)": 60000.568623
        },
        "vus": {
            "value": 291,
            "min": 1,
            "max": 4000
        },
        "dropped_iterations": {
            "count": 151321,
            "rate": 630.4646503586536
        },
        "http_req_duration{expected_response:true}": {
            "med": 5861.901986999999,
            "max": 58566.303126,
            "p(90)": 6183.6705852000005,
            "p(95)": 23680.87204635,
            "avg": 7530.798216319008,
            "min": 5.904327
        },
        "iteration_duration": {
            "max": 60003.27319,
            "p(90)": 60000.7430418,
            "p(95)": 60001.03056,
            "avg": 19096.717450302032,
            "min": 6.234665,
            "med": 5951.001461
        },
        "http_req_blocked": {
            "min": 0.001302,
            "med": 0.005288,
            "max": 12.239853,
            "p(90)": 0.2699190000000001,
            "p(95)": 0.3182609999999999,
            "avg": 0.1271676996702712
        },
        "data_received": {
            "rate": 2559940.5686970395,
            "count": 614424245
        },
        "iterations": {
            "count": 43369,
            "rate": 180.69284118796762
        },
        "satrank_bench_services_latency_ms": {
            "min": 5.904327,
            "med": 5950.882192,
            "max": 60002.753837,
            "p(90)": 60000.329661,
            "p(95)": 60000.626760600004,
            "avg": 19096.441772395443,
            "thresholds": {
                "p(95)<300": true
            }
        },
        "http_req_duration": {
            "min": 5.904327,
            "med": 5950.882192,
            "max": 60002.753837,
            "p(90)": 60000.329661,
            "p(95)": 60000.626760600004,
            "avg": 19096.441772395443
        },
        "http_req_tls_handshaking": {
            "avg": 0,
            "min": 0,
            "med": 0,
            "max": 0,
            "p(90)": 0,
            "p(95)": 0
        },
        "checks": {
            "passes": 33460,
            "fails": 9909,
            "value": 0.771518826811778
        },
        "data_sent": {
            "count": 3973242,
            "rate": 16554.13741860229
        }
    },
    "root_group": {
        "name": "",
        "path": "",
        "id": "d41d8cd98f00b204e9800998ecf8427e",
        "groups": {},
        "checks": {
                "status is 200": {
                    "name": "status is 200",
                    "path": "::status is 200",
                    "id": "6210a8cd14cd70477eba5c5e4cb3fb5f",
                    "passes": 33460,
                    "fails": 9909
                }
            }
    }
}