{
    "root_group": {
        "path": "",
        "id": "d41d8cd98f00b204e9800998ecf8427e",
        "groups": {},
        "checks": {
                "status is 200": {
                    "name": "status is 200",
                    "path": "::status is 200",
                    "id": "6210a8cd14cd70477eba5c5e4cb3fb5f",
                    "passes": 1949,
                    "fails": 0
                }
            },
        "name": ""
    },
    "metrics": {
        "vus": {
            "value": 0,
            "min": 0,
            "max": 32
        },
        "checks": {
            "passes": 1949,
            "fails": 0,
            "value": 1
        },
        "http_req_blocked": {
            "p(90)": 0.017422200000000006,
            "p(95)": 0.3806156,
            "avg": 0.04337329861467419,
            "min": 0.004957,
            "med": 0.008412,
            "max": 3.015584
        },
        "data_received": {
            "count": 35795518,
            "rate": 170453.90688393553
        },
        "http_req_duration": {
            "p(90)": 19.817996,
            "p(95)": 22.432802,
            "avg": 47.58817241713692,
            "min": 6.609299,
            "med": 16.322154,
            "max": 3392.236445
        },
        "http_req_connecting": {
            "p(95)": 0.25845959999999996,
            "avg": 0.020572587993843,
            "min": 0,
            "med": 0,
            "max": 2.543763,
            "p(90)": 0
        },
        "http_req_waiting": {
            "avg": 21.312887635197534,
            "min": 6.47786,
            "med": 16.155424,
            "max": 1018.067255,
            "p(90)": 19.634422200000003,
            "p(95)": 22.2682634
        },
        "http_req_receiving": {
            "p(90)": 0.151422,
            "p(95)": 0.16600459999999997,
            "avg": 0.1174058081067216,
            "min": 0.049625,
            "med": 0.11301,
            "max": 0.600615
        },
        "http_req_failed": {
            "passes": 0,
            "fails": 1949,
            "value": 0
        },
        "http_req_sending": {
            "avg": 26.15787897383276,
            "min": 0.016495,
            "med": 0.034432,
            "max": 3312.910537,
            "p(90)": 0.07062840000000002,
            "p(95)": 0.10987539999999998
        },
        "data_sent": {
            "count": 179452,
            "rate": 854.528617189895
        },
        "iteration_duration": {
            "avg": 47.88540681323755,
            "min": 6.787878,
            "med": 16.608406,
            "max": 3392.460933,
            "p(90)": 20.134601800000002,
            "p(95)": 22.817726399999998
        },
        "satrank_bench_services_latency_ms": {
            "med": 16.322154,
            "max": 3392.236445,
            "p(90)": 19.817996,
            "p(95)": 22.432802,
            "avg": 47.58817241713692,
            "min": 6.609299,
            "thresholds": {
                "p(95)<300": false
            }
        },
        "vus_max": {
            "value": 50,
            "min": 50,
            "max": 50
        },
        "http_req_tls_handshaking": {
            "min": 0,
            "med": 0,
            "max": 0,
            "p(90)": 0,
            "p(95)": 0,
            "avg": 0
        },
        "iterations": {
            "count": 1949,
            "rate": 9.280901159658882
        },
        "satrank_bench_services_ok": {
            "fails": 0,
            "passes": 1949,
            "thresholds": {
                "rate>0.98": false
            },
            "value": 1
        },
        "http_req_duration{expected_response:true}": {
            "avg": 47.58817241713692,
            "min": 6.609299,
            "med": 16.322154,
            "max": 3392.236445,
            "p(90)": 19.817996,
            "p(95)": 22.432802
        },
        "http_reqs": {
            "count": 1949,
            "rate": 9.280901159658882
        }
    }
}