{
    "root_group": {
        "id": "d41d8cd98f00b204e9800998ecf8427e",
        "groups": {},
        "checks": {
                "status is 200": {
                    "name": "status is 200",
                    "path": "::status is 200",
                    "id": "6210a8cd14cd70477eba5c5e4cb3fb5f",
                    "passes": 1949,
                    "fails": 0
                }
            },
        "name": "",
        "path": ""
    },
    "metrics": {
        "data_received": {
            "count": 63275182,
            "rate": 301308.9298739789
        },
        "http_req_duration{expected_response:true}": {
            "avg": 28.21403994150843,
            "min": 1.16807,
            "med": 2.481359,
            "max": 3105.660323,
            "p(90)": 2.8998206000000004,
            "p(95)": 3.0922011999999994
        },
        "data_sent": {
            "count": 183210,
            "rate": 872.4243423308
        },
        "http_req_receiving": {
            "max": 0.734577,
            "p(90)": 0.173378,
            "p(95)": 0.1911634,
            "avg": 0.13117263519753716,
            "min": 0.031657,
            "med": 0.130837
        },
        "http_req_blocked": {
            "avg": 0.05175868394048231,
            "min": 0.004927,
            "med": 0.008273,
            "max": 3.245291,
            "p(90)": 0.013470000000000008,
            "p(95)": 0.39277199999999973
        },
        "satrank_bench_top_latency_ms": {
            "p(90)": 2.8998206000000004,
            "p(95)": 3.0922011999999994,
            "avg": 28.21403994150843,
            "min": 1.16807,
            "med": 2.481359,
            "max": 3105.660323,
            "thresholds": {
                "p(95)<300": false
            }
        },
        "vus": {
            "max": 25,
            "value": 0,
            "min": 0
        },
        "http_req_tls_handshaking": {
            "p(90)": 0,
            "p(95)": 0,
            "avg": 0,
            "min": 0,
            "med": 0,
            "max": 0
        },
        "http_req_failed": {
            "passes": 0,
            "fails": 1949,
            "value": 0
        },
        "http_req_sending": {
            "p(95)": 0.11191879999999993,
            "avg": 22.406981501795798,
            "min": 0.017747,
            "med": 0.034382,
            "max": 3076.64349,
            "p(90)": 0.0757208
        },
        "satrank_bench_top_ok": {
            "passes": 1949,
            "fails": 0,
            "thresholds": {
                "rate>0.98": false
            },
            "value": 1
        },
        "http_reqs": {
            "count": 1949,
            "rate": 9.280907391532827
        },
        "checks": {
            "passes": 1949,
            "fails": 0,
            "value": 1
        },
        "http_req_waiting": {
            "min": 1.024514,
            "med": 2.304643,
            "max": 971.914829,
            "p(90)": 2.7055008000000003,
            "p(95)": 2.903381,
            "avg": 5.675885804515139
        },
        "vus_max": {
            "value": 50,
            "min": 50,
            "max": 50
        },
        "iteration_duration": {
            "avg": 28.495857664443246,
            "min": 1.390526,
            "med": 2.74041,
            "max": 3105.788916,
            "p(90)": 3.2931782,
            "p(95)": 3.6041532
        },
        "http_req_duration": {
            "min": 1.16807,
            "med": 2.481359,
            "max": 3105.660323,
            "p(90)": 2.8998206000000004,
            "p(95)": 3.0922011999999994,
            "avg": 28.21403994150843
        },
        "http_req_connecting": {
            "avg": 0.019012387891226258,
            "min": 0,
            "med": 0,
            "max": 0.419713,
            "p(90)": 0,
            "p(95)": 0.2560916
        },
        "iterations": {
            "count": 1949,
            "rate": 9.280907391532827
        }
    }
}