{
    "root_group": {
        "id": "d41d8cd98f00b204e9800998ecf8427e",
        "groups": {},
        "checks": {
                "status is 200": {
                    "passes": 194,
                    "fails": 0,
                    "name": "status is 200",
                    "path": "::status is 200",
                    "id": "6210a8cd14cd70477eba5c5e4cb3fb5f"
                }
            },
        "name": "",
        "path": ""
    },
    "metrics": {
        "checks": {
            "passes": 194,
            "fails": 0,
            "value": 1
        },
        "http_req_connecting": {
            "avg": 0.28232147938144325,
            "min": 0.162976,
            "med": 0.28255050000000004,
            "max": 0.826505,
            "p(90)": 0.3230718,
            "p(95)": 0.35359185
        },
        "http_req_duration{expected_response:true}": {
            "min": 1.670167,
            "med": 2.7834795000000003,
            "max": 2743.250227,
            "p(90)": 3.3578858000000005,
            "p(95)": 3.7958948999999995,
            "avg": 29.90144278865981
        },
        "satrank_bench_top_ok": {
            "passes": 194,
            "fails": 0,
            "thresholds": {
                "rate>0.98": false
            },
            "value": 1
        },
        "http_req_duration": {
            "med": 2.7834795000000003,
            "max": 2743.250227,
            "p(90)": 3.3578858000000005,
            "p(95)": 3.7958948999999995,
            "avg": 29.90144278865981,
            "min": 1.670167
        },
        "http_req_receiving": {
            "max": 0.458311,
            "p(90)": 0.17784740000000002,
            "p(95)": 0.20711805,
            "avg": 0.13479210309278342,
            "min": 0.046359,
            "med": 0.127527
        },
        "data_received": {
            "count": 6298016,
            "rate": 29990.49548227029
        },
        "iterations": {
            "rate": 0.9238077711394249,
            "count": 194
        },
        "vus": {
            "max": 2,
            "value": 0,
            "min": 0
        },
        "http_req_waiting": {
            "avg": 29.662177969072157,
            "min": 1.511638,
            "med": 2.544269,
            "max": 2743.07874,
            "p(90)": 3.1199287000000004,
            "p(95)": 3.4273819999999997
        },
        "http_reqs": {
            "count": 194,
            "rate": 0.9238077711394249
        },
        "http_req_failed": {
            "passes": 0,
            "fails": 194,
            "value": 0
        },
        "satrank_bench_top_latency_ms": {
            "avg": 29.90144278865981,
            "min": 1.670167,
            "med": 2.7834795000000003,
            "max": 2743.250227,
            "p(90)": 3.3578858000000005,
            "p(95)": 3.7958948999999995,
            "thresholds": {
                "p(95)<300": false
            }
        },
        "http_req_sending": {
            "avg": 0.10447271649484541,
            "min": 0.044347,
            "med": 0.09987650000000001,
            "max": 0.338149,
            "p(90)": 0.13956070000000004,
            "p(95)": 0.1542129
        },
        "iteration_duration": {
            "med": 3.4609050000000003,
            "max": 2743.841479,
            "p(90)": 4.0979795,
            "p(95)": 4.51747885,
            "avg": 30.57865805154641,
            "min": 2.202909
        },
        "http_req_blocked": {
            "med": 0.389998,
            "max": 0.949551,
            "p(90)": 0.46158950000000004,
            "p(95)": 0.48787054999999996,
            "avg": 0.3943302886597937,
            "min": 0.234093
        },
        "http_req_tls_handshaking": {
            "med": 0,
            "max": 0,
            "p(90)": 0,
            "p(95)": 0,
            "avg": 0,
            "min": 0
        },
        "data_sent": {
            "count": 18042,
            "rate": 85.91412271596651
        },
        "vus_max": {
            "value": 50,
            "min": 50,
            "max": 50
        }
    }
}