{
    "root_group": {
        "path": "",
        "id": "d41d8cd98f00b204e9800998ecf8427e",
        "groups": {},
        "checks": {
                "status is 200": {
                    "id": "6210a8cd14cd70477eba5c5e4cb3fb5f",
                    "passes": 19445,
                    "fails": 0,
                    "name": "status is 200",
                    "path": "::status is 200"
                }
            },
        "name": ""
    },
    "metrics": {
        "vus": {
            "value": 0,
            "min": 0,
            "max": 239
        },
        "http_req_duration{expected_response:true}": {
            "avg": 26.451696922345022,
            "min": 0.770791,
            "med": 1.863108,
            "max": 3077.037845,
            "p(90)": 2.2179420000000003,
            "p(95)": 2.4331112
        },
        "satrank_bench_top_ok": {
            "passes": 19445,
            "fails": 0,
            "thresholds": {
                "rate>0.98": false
            },
            "value": 1
        },
        "http_req_tls_handshaking": {
            "max": 0,
            "p(90)": 0,
            "p(95)": 0,
            "avg": 0,
            "min": 0,
            "med": 0
        },
        "http_reqs": {
            "rate": 92.59466652070762,
            "count": 19445
        },
        "http_req_failed": {
            "passes": 0,
            "fails": 19445,
            "value": 0
        },
        "http_req_waiting": {
            "avg": 26.305835753612737,
            "min": 0.680796,
            "med": 1.714784,
            "max": 3076.9084,
            "p(90)": 2.0524686000000005,
            "p(95)": 2.254475
        },
        "vus_max": {
            "value": 254,
            "min": 200,
            "max": 254
        },
        "http_req_sending": {
            "max": 0.319822,
            "p(90)": 0.03556980000000002,
            "p(95)": 0.04325899999999998,
            "avg": 0.02858160575983536,
            "min": 0.005749,
            "med": 0.025929
        },
        "dropped_iterations": {
            "count": 54,
            "rate": 0.2571412698440839
        },
        "http_req_blocked": {
            "p(95)": 0.009495,
            "avg": 0.013180570069426575,
            "min": 0.002164,
            "med": 0.005969,
            "max": 10.131476,
            "p(90)": 0.007962
        },
        "http_req_duration": {
            "min": 0.770791,
            "med": 1.863108,
            "max": 3077.037845,
            "p(90)": 2.2179420000000003,
            "p(95)": 2.4331112,
            "avg": 26.451696922345022
        },
        "http_req_connecting": {
            "p(95)": 0,
            "avg": 0.004999527950629983,
            "min": 0,
            "med": 0,
            "max": 10.059647,
            "p(90)": 0
        },
        "checks": {
            "passes": 19445,
            "fails": 0,
            "value": 1
        },
        "data_sent": {
            "count": 1808385,
            "rate": 8611.30398642581
        },
        "data_received": {
            "count": 631604881,
            "rate": 3007623.724815954
        },
        "iteration_duration": {
            "p(95)": 2.6877986,
            "avg": 26.624913457546963,
            "min": 0.845023,
            "med": 2.029067,
            "max": 3077.196004,
            "p(90)": 2.418702
        },
        "iterations": {
            "count": 19445,
            "rate": 92.59466652070762
        },
        "satrank_bench_top_latency_ms": {
            "p(90)": 2.2179420000000003,
            "p(95)": 2.4331112,
            "avg": 26.451696922345022,
            "min": 0.770791,
            "med": 1.863108,
            "max": 3077.037845,
            "thresholds": {
                "p(95)<300": false
            }
        },
        "http_req_receiving": {
            "max": 2.530584,
            "p(90)": 0.15538640000000004,
            "p(95)": 0.1703932,
            "avg": 0.11727956297248639,
            "min": 0.025628,
            "med": 0.116486
        }
    }
}