{
    "metrics": {
        "http_reqs": {
            "rate": 928.4455121058372,
            "count": 194977
        },
        "http_req_receiving": {
            "p(95)": 0.117678,
            "avg": 0.06046164409648297,
            "min": 0.01911,
            "med": 0.051087,
            "max": 10.638932,
            "p(90)": 0.099781
        },
        "http_req_blocked": {
            "p(95)": 0.006089199999999982,
            "avg": 0.00788227731475947,
            "min": 0.001172,
            "med": 0.003125,
            "max": 10.740975,
            "p(90)": 0.004997
        },
        "http_req_tls_handshaking": {
            "avg": 0,
            "min": 0,
            "med": 0,
            "max": 0,
            "p(90)": 0,
            "p(95)": 0
        },
        "iterations": {
            "count": 194977,
            "rate": 928.4455121058372
        },
        "http_req_sending": {
            "avg": 0.012338864958431044,
            "min": 0.003465,
            "med": 0.009534,
            "max": 5.918979,
            "p(90)": 0.02002,
            "p(95)": 0.024669799999999843
        },
        "http_req_duration{expected_response:true}": {
            "med": 1.221481,
            "max": 475.483225,
            "p(90)": 4.617965999999999,
            "p(95)": 5.87168139999999,
            "avg": 3.148039632141304,
            "min": 0.559764
        },
        "http_req_failed": {
            "passes": 0,
            "fails": 194977,
            "value": 0
        },
        "http_req_connecting": {
            "p(95)": 0,
            "avg": 0.003116498648558546,
            "min": 0,
            "med": 0,
            "max": 10.686253,
            "p(90)": 0
        },
        "http_req_waiting": {
            "p(90)": 4.539494399999999,
            "p(95)": 5.796436799999997,
            "avg": 3.075239123086353,
            "min": 0.523018,
            "med": 1.152496,
            "max": 475.376755
        },
        "data_sent": {
            "count": 18133047,
            "rate": 86346.31832449065
        },
        "http_req_duration": {
            "p(95)": 5.87168139999999,
            "avg": 3.148039632141304,
            "min": 0.559764,
            "med": 1.221481,
            "max": 475.483225,
            "p(90)": 4.617965999999999
        },
        "iteration_duration": {
            "min": 0.600454,
            "med": 1.300089,
            "max": 475.611148,
            "p(90)": 4.7016444,
            "p(95)": 5.954035199999994,
            "avg": 3.2353606321361257
        },
        "satrank_bench_top_ok": {
            "passes": 194977,
            "fails": 0,
            "thresholds": {
                "rate>0.98": false
            },
            "value": 1
        },
        "satrank_bench_top_latency_ms": {
            "avg": 3.148039632141304,
            "min": 0.559764,
            "med": 1.221481,
            "max": 475.483225,
            "p(90)": 4.617965999999999,
            "p(95)": 5.87168139999999,
            "thresholds": {
                "p(95)<300": false
            }
        },
        "data_received": {
            "count": 6336441367,
            "rate": 30172997.583883874
        },
        "vus": {
            "value": 1,
            "min": 0,
            "max": 173
        },
        "checks": {
            "passes": 194977,
            "fails": 0,
            "value": 1
        },
        "vus_max": {
            "value": 2000,
            "min": 2000,
            "max": 2000
        }
    },
    "root_group": {
        "name": "",
        "path": "",
        "id": "d41d8cd98f00b204e9800998ecf8427e",
        "groups": {},
        "checks": {
                "status is 200": {
                    "fails": 0,
                    "name": "status is 200",
                    "path": "::status is 200",
                    "id": "6210a8cd14cd70477eba5c5e4cb3fb5f",
                    "passes": 194977
                }
            }
    }
}