{
    "root_group": {
        "name": "",
        "path": "",
        "id": "d41d8cd98f00b204e9800998ecf8427e",
        "groups": {},
        "checks": {
                "status 200 or 404": {
                    "passes": 1949,
                    "fails": 0,
                    "name": "status 200 or 404",
                    "path": "::status 200 or 404",
                    "id": "561a74a8fe0120bc97123b4139e43b54"
                }
            }
    },
    "metrics": {
        "http_req_failed": {
            "passes": 0,
            "fails": 1949,
            "value": 0
        },
        "http_req_waiting": {
            "avg": 86.11713409132877,
            "min": 36.320908,
            "med": 60.13451,
            "max": 3090.090309,
            "p(90)": 70.84249919999999,
            "p(95)": 79.14303999999998
        },
        "data_received": {
            "count": 4640846,
            "rate": 22099.154233957244
        },
        "satrank_bench_verdict_latency_ms": {
            "max": 3090.336549,
            "p(90)": 71.0444694,
            "p(95)": 79.36961939999999,
            "avg": 86.32646867008717,
            "min": 36.482541,
            "med": 60.344276,
            "thresholds": {
                "p(95)<500": false
            }
        },
        "http_req_duration{expected_response:true}": {
            "med": 60.344276,
            "max": 3090.336549,
            "p(90)": 71.0444694,
            "p(95)": 79.36961939999999,
            "avg": 86.32646867008717,
            "min": 36.482541
        },
        "http_reqs": {
            "count": 1949,
            "rate": 9.280905162977326
        },
        "iterations": {
            "count": 1949,
            "rate": 9.280905162977326
        },
        "http_req_receiving": {
            "avg": 0.1061469091841972,
            "min": 0.054753,
            "med": 0.103095,
            "max": 0.392342,
            "p(90)": 0.1400628,
            "p(95)": 0.1527246
        },
        "http_req_sending": {
            "p(95)": 0.15119359999999998,
            "avg": 0.1031876695741406,
            "min": 0.03968,
            "med": 0.102274,
            "max": 0.481706,
            "p(90)": 0.13915919999999998
        },
        "satrank_bench_verdict_ok": {
            "passes": 1949,
            "fails": 0,
            "thresholds": {
                "rate>0.95": false
            },
            "value": 1
        },
        "data_sent": {
            "rate": 1410.6975847725535,
            "count": 296248
        },
        "checks": {
            "passes": 1949,
            "fails": 0,
            "value": 1
        },
        "vus_max": {
            "min": 100,
            "max": 100,
            "value": 100
        },
        "http_req_blocked": {
            "med": 0.386372,
            "max": 2.231643,
            "p(90)": 0.4642652,
            "p(95)": 0.4913966,
            "avg": 0.3858475264238069,
            "min": 0.183646
        },
        "http_req_connecting": {
            "med": 0.272921,
            "max": 2.129308,
            "p(90)": 0.3339838,
            "p(95)": 0.355552,
            "avg": 0.2742793545407908,
            "min": 0.128333
        },
        "http_req_tls_handshaking": {
            "p(95)": 0,
            "avg": 0,
            "min": 0,
            "med": 0,
            "max": 0,
            "p(90)": 0
        },
        "vus": {
            "value": 0,
            "min": 0,
            "max": 20
        },
        "http_req_duration": {
            "med": 60.344276,
            "max": 3090.336549,
            "p(90)": 71.0444694,
            "p(95)": 79.36961939999999,
            "avg": 86.32646867008717,
            "min": 36.482541
        },
        "iteration_duration": {
            "avg": 87.02883429348384,
            "min": 36.91968,
            "med": 61.006383,
            "max": 3091.22659,
            "p(90)": 71.8283364,
            "p(95)": 80.10516799999999
        }
    }
}