{
    "metrics": {
        "http_req_waiting": {
            "avg": 43123.36487215702,
            "min": 39.026605,
            "med": 59999.96662,
            "max": 60018.426866,
            "p(90)": 60000.713858300005,
            "p(95)": 60000.82386905
        },
        "data_sent": {
            "count": 3126184,
            "rate": 13020.032683061894
        },
        "http_reqs": {
            "count": 17234,
            "rate": 71.77672307832447
        },
        "http_req_receiving": {
            "avg": 0.030493831321805723,
            "min": 0,
            "med": 0,
            "max": 3.094183,
            "p(90)": 0.1086303,
            "p(95)": 0.125238
        },
        "iteration_duration": {
            "max": 60018.77496,
            "p(90)": 60001.291006,
            "p(95)": 60001.4107736,
            "avg": 43123.98580639123,
            "min": 39.875083,
            "med": 60000.570272
        },
        "http_req_blocked": {
            "max": 9.595939,
            "p(90)": 0.33325930000000004,
            "p(95)": 0.4017311499999998,
            "avg": 0.25461669061158115,
            "min": 0.001752,
            "med": 0.2180135
        },
        "checks": {
            "passes": 5221,
            "fails": 12013,
            "value": 0.3029476615991644
        },
        "vus_max": {
            "value": 4000,
            "min": 2000,
            "max": 4000
        },
        "dropped_iterations": {
            "rate": 726.4050933609657,
            "count": 174414
        },
        "http_req_duration{expected_response:true}": {
            "p(95)": 6804.046719,
            "avg": 6462.602118525743,
            "min": 39.239246,
            "med": 6286.752503,
            "max": 56358.73812,
            "p(90)": 6717.884049
        },
        "vus": {
            "max": 4000,
            "value": 3356,
            "min": 1
        },
        "data_received": {
            "count": 12469484,
            "rate": 51933.31205742124
        },
        "iterations": {
            "count": 17234,
            "rate": 71.77672307832447
        },
        "satrank_bench_verdict_latency_ms": {
            "min": 39.239246,
            "med": 60000.028696,
            "max": 60018.46294,
            "p(90)": 60000.7771607,
            "p(95)": 60000.8861207,
            "avg": 43123.45335701259,
            "thresholds": {
                "p(95)<500": true
            }
        },
        "http_req_failed": {
            "fails": 5221,
            "passes": 12013,
            "value": 0.6970523384008356
        },
        "satrank_bench_verdict_ok": {
            "passes": 5221,
            "fails": 12013,
            "thresholds": {
                "rate>0.95": true
            },
            "value": 0.3029476615991644
        },
        "http_req_duration": {
            "max": 60018.46294,
            "p(90)": 60000.7771607,
            "p(95)": 60000.8861207,
            "avg": 43123.45335701259,
            "min": 39.239246,
            "med": 60000.028696
        },
        "http_req_connecting": {
            "min": 0,
            "med": 0.15881,
            "max": 9.542689,
            "p(90)": 0.24083100000000002,
            "p(95)": 0.29562434999999954,
            "avg": 0.20350174585122466
        },
        "http_req_tls_handshaking": {
            "avg": 0,
            "min": 0,
            "med": 0,
            "max": 0,
            "p(90)": 0,
            "p(95)": 0
        },
        "http_req_sending": {
            "min": 0.004948,
            "med": 0.048002,
            "max": 43.385663,
            "p(90)": 0.0974967,
            "p(95)": 0.11812449999999992,
            "avg": 0.05799102437043073
        }
    },
    "root_group": {
        "name": "",
        "path": "",
        "id": "d41d8cd98f00b204e9800998ecf8427e",
        "groups": {},
        "checks": {
                "status 200 or 404": {
                    "id": "561a74a8fe0120bc97123b4139e43b54",
                    "passes": 5221,
                    "fails": 12013,
                    "name": "status 200 or 404",
                    "path": "::status 200 or 404"
                }
            }
    }
}